{
    "kube_log" : {
        "title" : "Kube Log Format",
        "description" : "Log format used in custom logs from kube.",
        "regex" : {
            "std" : {
                "pattern" : "^(?<timestamp>[\\dTZ:-]+)\\s+(?:\\[(?<message>[^\\]]+)\\])+(?<body>.*)$",
                "module-format": true
            }
        },
        "value" : {
            "body" : { "kind" : "string" },
            "module" : {
              "kind" : "string",
              "identifier" : true
            }
        },
        "timestamp-format" : ["%Y-%m-%dT%H:%M:%SZ"],
        "sample" : [
            {
                "line" : "2017-08-31T14:31:27Z [not.namenode-2100393612-q] 17/08/31 14:31:27 INFO window.RollingWindowManager: topN size for command setPermission is: 0 "
            },
            {
                "line" : "2017-08-31T14:32:27Z [not.namenode-2100393612-q] 17/08/31 14:32:27 INFO window.RollingWindowManager: topN size for command getfileinfo is: 0 "
            },
            {
                "line" : "2017-08-31T14:32:10Z [not.proxy-nsp52          ] target: http://master:8080 "
            },
            {
                "line" : "2017-08-31T14:32:25Z [not.datanode-00tc6       ]  ... 11 more "
            }
        ]
    },
    "kube_syslog" : {
        "title" : "Kube SysLog Format",
        "description" : "Log format used in custom logs from kube.",
        "regex" : {
            "std" : {
                "pattern" : "^(?<timestamp>[\\dTZ:-]+)\\s+(?<host>[^ ]+)\\s+(?<proc>[^ ]+\\[(?<pid>\\d+)?\\])\\s+(?<body>.*)$",
                "module-format": true
            }
        },
        "body-field": "body",
        "timestamp-field": "timestamp",
        "timestamp-format" : ["%Y-%m-%dT%H:%M:%SZ"],
        "value" : {
            "body" : { "kind" : "string" },
            "proc" : { "kind" : "string", "hidden": true },
            "pid" : { "kind" : "integer", "hidden": true, "foreign-key": true },
            "host" : { "kind" : "string", "identifier" : true },
            "timestamp" : { "kind" : "string", "hidden": true }
        },
        "sample" : [
            { "line" : "2017-08-31T15:15:40Z ip-10-192-76-101.eu-west-1.compute.internal r-kubernetes-kubelet-4-987e24c7[13633] E0831 15:15:40.874779   13633 kubelet_volumes.go:114] Orphaned pod \"ef34986a-87f5-11e7-8152-02cc7a9d7269\" found, but volume paths are still present on disk." },
            { "line" : "2017-08-31T15:15:40Z ip-10-192-76-35 r-kubernetes-kubelet-1-5dd096f7[26225] E0831 15:15:40.998864   26225 kubelet_volumes.go:114] Orphaned pod \"7c698ae5-82f2-11e7-82b2-02cc7a9d7269\" found, but volume paths are still present on disk." }
        ]
    },
    "kube_json" : {
        "title" : "Kube Json Log Format",
        "description" : "Log format used in custom logs from kube.",
        "json": true,
        "line-format" : [
            { "field" : "msg", "overflow": "abbrev", "max-width": 60, "align": "left" }, " ",
             " ",  { "field": "timereported", "timestamp-format": "%Y-%m-%dT%H:%M:%SZ" },
             " ",  { "field": "hostname", "overflow": "dot-dot", "max-width": 10, "align": "left" },
             " ",  { "field": "syslogtag", "overflow": "dot-dot", "max-width": 10, "align": "left" },
             " ",  { "field": "inputname", "overflow": "dot-dot", "max-width": 10, "align": "left" },
             " ",  { "field": "fromhost", "overflow": "dot-dot", "max-width": 10, "align": "left" },
             " ",  { "field": "fromhost-ip", "overflow": "dot-dot", "max-width": 10, "align": "left"  },
             " ",  { "field": "pri" },
             " ",  { "field": "rawmsg", "overflow": "dot-dot", "max-width": 10, "align": "left" },
             " ",  { "field": "syslogfacility" },
             " ",  { "field": "syslogseverity" },
             " ",  { "field": "timegenerated" },
             " ",  { "field": "programname" },
             " ",  { "field": "protocol-version" },
             " ",  { "field": "structured-data" },
             " ",  { "field": "app-name" },
             " ",  { "field": "procid" },
             " ",  { "field": "msgid" },
             " ",  { "field": "uuid" },
             " ",  { "field": "$!" }
        ],
        "body-field": "msg",
        "opid-field": "procid",
        "timestamp-field": "timereported",
        "timestamp-format" : ["%Y-%m-%dT%H:%M:%SZ"],
        "value" : {
            "msg" : { "kind" : "string" },
            "rawmsg": {  "kind": "string", "hidden": true },
            "hostname" : { "kind" : "string" },
            "syslogtag" : { "kind" : "string", "hidden": true },
            "inputname" : { "kind" : "integer", "hidden": true },
            "fromhost" : { "kind" : "string", "hidden": true },
            "fromhost-ip" : { "kind" : "string", "hidden": true },
            "syslogfacility": {  "kind": "integer" },
            "syslogseverity": {  "kind": "integer" },
            "timegenerated": {  "kind": "string" },
            "programname": {  "kind": "string" },
            "protocol-version": {  "kind": "integer", "hidden": true },
            "structured-data": {  "kind": "string" },
            "app-name": {  "kind": "string", "hidden": true },
            "procid": {  "kind": "integer", "hidden": true },
            "msgid": {  "kind": "string", "hidden": true },
            "pri" : { "kind" : "integer", "hidden": true },
            "uuid": {  "kind": "string", "hidden": true },
            "$!": {  "kind": "string", "hidden": true }
        }
    }
}
